Job Title,Company,Location,Posted,Skills
Mid Level Rest API Django Python Developer,N/A,N/A,N/A,N/A
Python Developer (CAD Automation),N/A,N/A,N/A,N/A
Senior Python Developer,N/A,N/A,N/A,N/A
Software Engineer Manager - Python,N/A,N/A,N/A,N/A
Python Developer,N/A,N/A,N/A,N/A
Backend Engineer (Python / AI & ML Focus),N/A,N/A,N/A,N/A
Python Full Stack Developer,N/A,N/A,N/A,N/A
Junior AI Engineer â€“ Computer Vision & 3D Visual Perception,N/A,N/A,N/A,N/A
Middle Data Engineer |Data Platforms,N/A,N/A,N/A,N/A
Senior Data Scientist,N/A,N/A,N/A,N/A
Senior Data Engineer,N/A,N/A,N/A,N/A
Data Analyst Specialist,N/A,N/A,N/A,N/A
Senior Backend Engineer,N/A,N/A,N/A,N/A
Mid level Django Backend Developer,N/A,N/A,N/A,N/A
Head of AI & Clinical Language Systems,N/A,N/A,N/A,N/A
